region,sector,tabanca
bafata,bafata,Afia I II
bafata,bafata,Anambe
bafata,bafata,Bagher
bafata,bafata,Bairro 1
bafata,bafata,Bairro 2 
bafata,bafata,Bairro 3
bafata,bafata,Bairro 4
bafata,bafata,Bairro 5 Caibara
bafata,bafata,Bairro 6  Amadora
bafata,bafata,Bairro Policia
bafata,bafata,Balin Djam
bafata,bafata,Banduma
bafata,bafata,Bantanguel
bafata,bafata,Belem
bafata,bafata,Bidjine
bafata,bafata,Binalu
bafata,bafata,Binate Inbana
bafata,bafata,Bissaque
bafata,bafata,Bissora
bafata,bafata,Bricama I
bafata,bafata,Bricama II
bafata,bafata,Bunancar
bafata,bafata,Buntunssum
bafata,bafata,Cadjutu
bafata,bafata,Caier Sane
bafata,bafata,Camancoto
bafata,bafata,Camaracunda
bafata,bafata,Campampe
bafata,bafata,Candemba Uri
bafata,bafata,Candembuia
bafata,bafata,Candemode
bafata,bafata,Candiquel
bafata,bafata,Caur
bafata,bafata,Clufi
bafata,bafata,Coburnel
bafata,bafata,Colimolo
bafata,bafata,Cubaca
bafata,bafata,Cumuda
bafata,bafata,Curura
bafata,bafata,Dandum
bafata,bafata,Darsalam
bafata,bafata,Darsalam
bafata,bafata,Demba Tchadje
bafata,bafata,Dembeldjumpore
bafata,bafata,Djadda
bafata,bafata,Djana
bafata,bafata,Djaubecuta
bafata,bafata,Djaubemaunde
bafata,bafata,Djidda
bafata,bafata,Dutadjara
bafata,bafata,Embalo Cunda
bafata,bafata,Embalocunda
bafata,bafata,Fulamansa
bafata,bafata,Ga-Fati
bafata,bafata,Gandjare
bafata,bafata,Gantauda
bafata,bafata,Gollere
bafata,bafata,Gueladjau
bafata,bafata,Madina Bonco
bafata,bafata,Madina Demba
bafata,bafata,Madina El
bafata,bafata,Madina sinho
bafata,bafata,Madina Tcherno Ali
bafata,bafata,Malam Baio
bafata,bafata,Mama Ioba
bafata,bafata,Mamacono
bafata,bafata,Mancafu
bafata,bafata,Massina
bafata,bafata,Missira
bafata,bafata,Nema Djacanca/Fula
bafata,bafata,Nema I II
bafata,bafata,Nhambanha
bafata,bafata,Nhantana
bafata,bafata,Palhota
bafata,bafata,Ponta Aires
bafata,bafata,Ponta Aristides
bafata,bafata,Ponta Emanuel
bafata,bafata,Ponta Mateus
bafata,bafata,Ponta Motor
bafata,bafata,Ponta Natcha
bafata,bafata,Ponta Novo
bafata,bafata,Ponta Pacal
bafata,bafata,Ponta Turquis
bafata,bafata,Praça
bafata,bafata,Prenha
bafata,bafata,Projecto
bafata,bafata,Quenhato
bafata,bafata,Rabba
bafata,bafata,Rocha de Baixo
bafata,bafata,Rocha de Cima
bafata,bafata,Sadjo Balele
bafata,bafata,Samba Dahabade
bafata,bafata,Samba Sadjo
bafata,bafata,Samba Sale
bafata,bafata,Sambel Embalo
bafata,bafata,Sami Cuia
bafata,bafata,Sami Maudo
bafata,bafata,Sanghare
bafata,bafata,Santandjam
bafata,bafata,Santanto
bafata,bafata,Sao Domingos
bafata,bafata,Sare bambe
bafata,bafata,Sare Djae
bafata,bafata,Sare Iero 
bafata,bafata,Sare Iero Ba
bafata,bafata,Sare Meta
bafata,bafata,Siberia
bafata,bafata,Sindjai
bafata,bafata,Sindjola
bafata,bafata,Sintcaha Carimo
bafata,bafata,Sintch Aladje
bafata,bafata,Sintcha Ade
bafata,bafata,Sintcha Adulai Bafata
bafata,bafata,Sintcha Adulai Cossara
bafata,bafata,Sintcha Agostinho
bafata,bafata,Sintcha Aruna/Amedalai
bafata,bafata,Sintcha Bacar
bafata,bafata,Sintcha Bilale
bafata,bafata,Sintcha Bonco
bafata,bafata,Sintcha Botche
bafata,bafata,Sintcha Bubacar
bafata,bafata,Sintcha Bubacar Cossara
bafata,bafata,Sintcha Bucar
bafata,bafata,Sintcha Bucar
bafata,bafata,Sintcha Califa
bafata,bafata,Sintcha Demba
bafata,bafata,Sintcha Demba Seide
bafata,bafata,Sintcha Dembael
bafata,bafata,Sintcha Djane
bafata,bafata,Sintcha djoquel
bafata,bafata,Sintcha Dulo
bafata,bafata,Sintcha Faram
bafata,bafata,Sintcha Funto
bafata,bafata,Sintcha Garanque
bafata,bafata,Sintcha Ghalem
bafata,bafata,Sintcha Indjai
bafata,bafata,Sintcha Infali
bafata,bafata,Sintcha Issa
bafata,bafata,Sintcha Lamine
bafata,bafata,Sintcha Madi
bafata,bafata,Sintcha Mama Sira
bafata,bafata,Sintcha Mamadu
bafata,bafata,Sintcha Mamadu Cossara
bafata,bafata,Sintcha Mamudo
bafata,bafata,Sintcha Medjo
bafata,bafata,Sintcha Molo
bafata,bafata,Sintcha Molo
bafata,bafata,Sintcha Molo Maria
bafata,bafata,Sintcha Mussa 
bafata,bafata,Sintcha Mussa General
bafata,bafata,Sintcha Pate
bafata,bafata,Sintcha Quemade
bafata,bafata,Sintcha Saido
bafata,bafata,Sintcha Saliu
bafata,bafata,Sintcha Samadeia
bafata,bafata,Sintcha Samba
bafata,bafata,Sintcha Sambel
bafata,bafata,Sintcha Sene
bafata,bafata,Sintcha Sori
bafata,bafata,Sintcha Subum
bafata,bafata,Sintcha Tchiuto
bafata,bafata,Sintcha Umaro
bafata,bafata,Sintcha Umaro/Talo
bafata,bafata,Sintcha Zacarias
bafata,bafata,St Aliu
bafata,bafata,St Bubacar
bafata,bafata,Sucuta
bafata,bafata,Tabandinto
bafata,bafata,Tabato
bafata,bafata,Tchaima
bafata,bafata,Toranco
bafata,bafata,Tunturum
bafata,bafata,Wedje Fula
bafata,bafata,Wedje Mandinga
bafata,bafata,Welingara
bafata,bafata,Yussi/PiSanta
bafata,bambadinca,Acampamento
bafata,bambadinca,Aladje Tinha
bafata,bambadinca,Aliu Djai
bafata,bambadinca,Amedalai
bafata,bambadinca,Bagadadje
bafata,bambadinca,Bairro 1
bafata,bambadinca,Bairro 2
bafata,bambadinca,Bairro 3
bafata,bambadinca,Bantandjam Assa
bafata,bambadinca,Bantandjam Mandinga
bafata,bambadinca,Bantandjan Cuta
bafata,bambadinca,Biana
bafata,bambadinca,Bondje
bafata,bambadinca,Brandao
bafata,bambadinca,Caghale
bafata,bambadinca,Colicumbel
bafata,bambadinca,Coperativa
bafata,bambadinca,Cupo
bafata,bambadinca,Dar-Sa-Lame 1
bafata,bambadinca,Dar-Sa-Lame 2
bafata,bambadinca,Dembataco
bafata,bambadinca,Dembatacoba
bafata,bambadinca,Fa-Balanta
bafata,bambadinca,Fa-Mandinga
bafata,bambadinca,Fa-Nabangna
bafata,bambadinca,Flac Ntela
bafata,bambadinca,Ga-Pepel
bafata,bambadinca,Ga-Tamba
bafata,bambadinca,Ga-Tchebem
bafata,bambadinca,Iero Nhapa
bafata,bambadinca,Iero-Bula
bafata,bambadinca,Intermeio
bafata,bambadinca,Madina
bafata,bambadinca,Madina Alfa
bafata,bambadinca,Madina Fadja
bafata,bambadinca,Madina Nhabidjon
bafata,bambadinca,Mamadjam
bafata,bambadinca,Mampata
bafata,bambadinca,MBule
bafata,bambadinca,Mero
bafata,bambadinca,Meta-Nhancane
bafata,bambadinca,Morcanhe
bafata,bambadinca,Nema/Luanda
bafata,bambadinca,Nhabidjon Bidinca
bafata,bambadinca,Nhabidjon Blubat
bafata,bambadinca,Nhabidjon Cau
bafata,bambadinca,Nhabidjon Mandiga
bafata,bambadinca,Nhabidjon Mbum
bafata,bambadinca,Nhabidjon Tumbum
bafata,bambadinca,NQuere
bafata,bambadinca,Pega Deus
bafata,bambadinca,Ponta Donduma
bafata,bambadinca,Ponta Paulo
bafata,bambadinca,Queca
bafata,bambadinca,Quecuta
bafata,bambadinca,Queruwane
bafata,bambadinca,Samba Djulde
bafata,bambadinca,Samba-Selate
bafata,bambadinca,Sansancuta
bafata,bambadinca,Santa Helena
bafata,bambadinca,Sare-Hade
bafata,bambadinca,Sare-Nhado
bafata,bambadinca,Sedjo
bafata,bambadinca,Sintca Braima
bafata,bambadinca,Sintcha Asse
bafata,bambadinca,Sintcha Bambe
bafata,bambadinca,Sintcha Boi
bafata,bambadinca,Sintcha Dembel
bafata,bambadinca,Sintcha Luis
bafata,bambadinca,Sintcha Manodji
bafata,bambadinca,Sintcha Mauricio
bafata,bambadinca,Sintcha Saliu
bafata,bambadinca,Sintcha Samba
bafata,bambadinca,Sintcha Sauna
bafata,bambadinca,Sintcha Tchonde
bafata,bambadinca,Sintcha Umaro 1
bafata,bambadinca,Sintcha Umaro 2
bafata,bambadinca,Sintchu
bafata,bambadinca,Taibata
bafata,bambadinca,Talata
bafata,bambadinca,Tchacale
bafata,bambadinca,Tchicamel
bafata,bambadinca,Traule
bafata,bambadinca,Tuba
bafata,cambadju,Bantandjam
bafata,cambadju,Bonco
bafata,cambadju,Cambadju
bafata,cambadju,Carantaba
bafata,cambadju,Cucuro
bafata,cambadju,Culinto
bafata,cambadju,Dandu
bafata,cambadju,Lenquebembe
bafata,cambadju,Madina Tchonde
bafata,cambadju,Nhacare
bafata,cambadju,Sare dembel
bafata,cambadju,Sare Male
bafata,cambadju,Sare Salum 1
bafata,cambadju,Sare Salum 2
bafata,cambadju,Sare Salum 3
bafata,cambadju,Sintcha Amadi
bafata,cambadju,Sintcha Aruna
bafata,cambadju,Sintcha Bambe
bafata,cambadju,Sintcha Bodjol
bafata,cambadju,Sintcha Braima
bafata,cambadju,Sintcha Curtiba
bafata,cambadju,Sintcha Demba
bafata,cambadju,Sintcha Djae
bafata,cambadju,Sintcha Iero
bafata,cambadju,Sintcha Issufi
bafata,cambadju,Sintcha Male
bafata,cambadju,Sintcha Mamadu Bobo
bafata,cambadju,Sintcha Mbamtcha
bafata,cambadju,Sintcha Monde Nhada
bafata,cambadju,Sintcha Nfali
bafata,cambadju,Sintcha Niel
bafata,cambadju,Sintcha Quedjo
bafata,cambadju,Sintcha Saido
bafata,cambadju,Sintcha Samba
bafata,cambadju,Sintcha Sene
bafata,cambadju,Sintcha Sila
bafata,cambadju,Sintcha Tcherno
bafata,cambadju,Sintcha Tidjane
bafata,cambadju,Sintcha Umaro
bafata,cambadju,Sintcha Ussumane
bafata,cambadju,Sinthca Guedo
bafata,cambadju,Solcocum
bafata,contuboel, Galugada Mandinga
bafata,contuboel,Arqueba
bafata,contuboel,Bairro-1
bafata,contuboel,Bairro2
bafata,contuboel,Bairro-3
bafata,contuboel,Bairro-4
bafata,contuboel,Bambato
bafata,contuboel,Banculem
bafata,contuboel,Bantanghel
bafata,contuboel,Bare Dabel
bafata,contuboel,Bissangue
bafata,contuboel,Bricama
bafata,contuboel,Bundedjida
bafata,contuboel,Cambadjuel
bafata,contuboel,Candombe Mane
bafata,contuboel,Candombe Sambaro
bafata,contuboel,canquenhe
bafata,contuboel,Cansama
bafata,contuboel,Cansanima
bafata,contuboel,Caone
bafata,contuboel,Catcha
bafata,contuboel,Cuncusira
bafata,contuboel,Cutapenda
bafata,contuboel,Dar gumbo
bafata,contuboel,Darsalam 
bafata,contuboel,Djabel
bafata,contuboel,Djicoi-1
bafata,contuboel,Djicoi-2
bafata,contuboel,Embalocunda
bafata,contuboel,Fataco Fula
bafata,contuboel,Fataco Mandinga
bafata,contuboel,Ga-Indjai-1
bafata,contuboel,Ga-Indjai-2
bafata,contuboel,Galugada Fula
bafata,contuboel,Gansantim
bafata,contuboel,Ginane Fula
bafata,contuboel,Ginane Mandinga
bafata,contuboel,Madina Ioba-1
bafata,contuboel,Madina Ioba-2
bafata,contuboel,Madina Saido
bafata,contuboel,Madina Sara
bafata,contuboel,Manato-1
bafata,contuboel,Manato-2
bafata,contuboel,Manpata
bafata,contuboel,Mari coro
bafata,contuboel,Mariue
bafata,contuboel,Missira Samba
bafata,contuboel,Missira Sambaro
bafata,contuboel,Modi uri
bafata,contuboel,Nhantandim
bafata,contuboel,Samba Iobel
bafata,contuboel,Samba sunto
bafata,contuboel,Sambacunda 
bafata,contuboel,Sancalancunda
bafata,contuboel,Santa Adulai
bafata,contuboel,Santa Alfa
bafata,contuboel,Santa Aliu
bafata,contuboel,Santa Aliu
bafata,contuboel,Santa Assana
bafata,contuboel,Santa Bambe
bafata,contuboel,Santa Biron
bafata,contuboel,Santa Buba
bafata,contuboel,Santa Cabi
bafata,contuboel,Santa cabiro
bafata,contuboel,Santa Conco
bafata,contuboel,Santa Delel
bafata,contuboel,Santa Demba
bafata,contuboel,Santa Demba
bafata,contuboel,Santa Dembadjam
bafata,contuboel,Santa Djai-1
bafata,contuboel,Santa Djai-2
bafata,contuboel,Santa Django
bafata,contuboel,Santa djarga
bafata,contuboel,Santa Djida
bafata,contuboel,Santa Djoquel
bafata,contuboel,Santa Fanca
bafata,contuboel,Santa galo
bafata,contuboel,Santa Iaia
bafata,contuboel,Santa Longa
bafata,contuboel,Santa Mama
bafata,contuboel,Santa Mama Samba
bafata,contuboel,Santa Mamaducunda
bafata,contuboel,Santa Mamaduel
bafata,contuboel,Santa Mamudo
bafata,contuboel,Santa Mane
bafata,contuboel,Santa Manga
bafata,contuboel,Santa Mansali
bafata,contuboel,Santa Mbali
bafata,contuboel,Santa Meta
bafata,contuboel,Santa Otcha
bafata,contuboel,Santa Ramadju
bafata,contuboel,Santa samba
bafata,contuboel,Santa Samba 
bafata,contuboel,Santa Samba Bula
bafata,contuboel,Santa Sambaro
bafata,contuboel,Santa Sarfo
bafata,contuboel,Santa Sulai 
bafata,contuboel,Santa Ture
bafata,contuboel,Santa umaro
bafata,contuboel,Santa Umaro
bafata,contuboel,Santa umaro djau
bafata,contuboel,Sare Ardo
bafata,contuboel,Sare Bessa
bafata,contuboel,Sare Bilale
bafata,contuboel,Sare Biro
bafata,contuboel,Sare Canta
bafata,contuboel,Sare Cutael
bafata,contuboel,Sare Dabel
bafata,contuboel,Sare Demanda 
bafata,contuboel,Sare Djaiba
bafata,contuboel,Sare Djata
bafata,contuboel,Sare Djeno
bafata,contuboel,Sare iero nai
bafata,contuboel,Sare iero-1
bafata,contuboel,Sare Iero-2
bafata,contuboel,Sare Meta Boido
bafata,contuboel,Sare Midjaca
bafata,contuboel,Sare Nhanhale-12
bafata,contuboel,Sare Pate
bafata,contuboel,Sare Tchicam
bafata,contuboel,Sare Tchumo
bafata,contuboel,Sintchur Boebe
bafata,contuboel,Tabauma
bafata,contuboel,Talico
bafata,contuboel,Talto
bafata,contuboel,Temanto Aliu
bafata,contuboel,Waquilare
bafata,cosse,Afia cosse
bafata,cosse,Anambe
bafata,cosse,Bacar Lali
bafata,cosse,Bambaia
bafata,cosse,Bangassia 
bafata,cosse,Bodjabo
bafata,cosse,Bodjo Fulbe
bafata,cosse,Bonhama
bafata,cosse,Bora de Cima
bafata,cosse,Cabufara
bafata,cosse,Campate
bafata,cosse,Can Samba
bafata,cosse,Canbodjo
bafata,cosse,Candjan Cula
bafata,cosse,Candjara
bafata,cosse,Deba
bafata,cosse,Demba arrabi
bafata,cosse,Demba Leguel
bafata,cosse,Demba Meta
bafata,cosse,Djendjelem
bafata,cosse,Dulombe
bafata,cosse,Dulombiel
bafata,cosse,Duludjendjele
bafata,cosse,Galomaro
bafata,cosse,Guerledje
bafata,cosse,Laba-Diam
bafata,cosse,Lenke
bafata,cosse,Madina Aladje
bafata,cosse,Madina Camissa Cabomba
bafata,cosse,Madina Falli 
bafata,cosse,Madina Mama
bafata,cosse,Maraquissa
bafata,cosse,Missira Cabumba
bafata,cosse,Missira de Baixo
bafata,cosse,Missira de Cima
bafata,cosse,Mondidjani
bafata,cosse,Munhini
bafata,cosse,Mussa Iero
bafata,cosse,Paker Gurro
bafata,cosse,Paker Lali
bafata,cosse,Panti-Budjubi
bafata,cosse,Pate Bana
bafata,cosse,Pate Djibel
bafata,cosse,Pati Buia 
bafata,cosse,Pati Seidi
bafata,cosse,Ponta Nelo
bafata,cosse,Saamudo
bafata,cosse,Salia
bafata,cosse,Samba Arry
bafata,cosse,Samba Cumbere
bafata,cosse,Samba Queuel
bafata,cosse,Samba Rabi
bafata,cosse,Samba Tchabi
bafata,cosse,Samba-Cambai
bafata,cosse,Sambu dado
bafata,cosse,Sangue
bafata,cosse,Sangueladje
bafata,cosse,sara Guerel
bafata,cosse,Sarantcho
bafata,cosse,Sare Mansal
bafata,cosse,Sare Ura
bafata,cosse,SareBadjan
bafata,cosse,sintcah gaulo 
bafata,cosse,Sintcha aladje
bafata,cosse,Sintcha alarba
bafata,cosse,Sintcha Aliuel
bafata,cosse,Sintcha Boie
bafata,cosse,sintcha Boy
bafata,cosse,Sintcha Cante
bafata,cosse,Sintcha Coli
bafata,cosse,Sintcha Corca
bafata,cosse,sintcha Demba el
bafata,cosse,Sintcha Dembael(Aluar)
bafata,cosse,Sintcha Demburro
bafata,cosse,Sintcha Faran Fula
bafata,cosse,Sintcha Faran Manjaco
bafata,cosse,Sintcha Idi
bafata,cosse,Sintcha Iero Ba
bafata,cosse,Sintcha Ierondin
bafata,cosse,Sintcha Leuro
bafata,cosse,Sintcha Madiu
bafata,cosse,Sintcha Malam
bafata,cosse,Sintcha mamadi
bafata,cosse,Sintcha Mamadu Iero Lali
bafata,cosse,Sintcha Nhinha
bafata,cosse,Sintcha nhobun
bafata,cosse,sintcha queba
bafata,cosse,Sintcha Queba 2
bafata,cosse,Sintcha Quelo
bafata,cosse,Sintcha Sam Manduran
bafata,cosse,Sintcha Samba
bafata,cosse,Sintcha Samba Nha Na
bafata,cosse,Sintcha Sancun
bafata,cosse,Sintcha Serifo
bafata,cosse,Sintcha Usso
bafata,cosse,Sintcham Mussa
bafata,cosse,Sintcham Que
bafata,cosse,Sintcham Sadjo
bafata,cosse,Sintcham Sadjo
bafata,cosse,Sintcham Sara
bafata,cosse,Sintcham Umaro
bafata,cosse,Sintcham Waliel (Ecunda)
bafata,cosse,Sintcham-Delo
bafata,cosse,Sintcham-Djulde
bafata,cosse,Sintcham-Nhacori
bafata,cosse,Sintcham-Puloro
bafata,cosse,sintcham-Uro
bafata,cosse,Sintcham-Yero
bafata,cosse,SintchaUmaru
bafata,cosse,Tchabada
bafata,cosse,Tchanca
bafata,cosse,Tumbo  Saala
bafata,cosse,Tumbo Ndegue
bafata,cosse,Umaru Cosse
bafata,cosse,Wacaba
bafata,fajonquito,Banco
bafata,fajonquito,Bele Nhale
bafata,fajonquito,Berculom
bafata,fajonquito,Campara Djaube
bafata,fajonquito,Campara Nhaco
bafata,fajonquito,Cancubandji
bafata,fajonquito,Cancubandji Morcunda
bafata,fajonquito,Cancubandji Sintcha
bafata,fajonquito,Canhamine
bafata,fajonquito,Cansonco
bafata,fajonquito,Cubucunda
bafata,fajonquito,Djambur
bafata,fajonquito,Djarto
bafata,fajonquito,Fajonquito
bafata,fajonquito,Fanca
bafata,fajonquito,Farimbali
bafata,fajonquito,Lamoi
bafata,fajonquito,Lengueto
bafata,fajonquito,Madina
bafata,fajonquito,Madina Dama
bafata,fajonquito,Marubaque
bafata,fajonquito,Nucudo
bafata,fajonquito,Sam Mansata
bafata,fajonquito,Sambariana
bafata,fajonquito,Sambia
bafata,fajonquito,Sane Cunda
bafata,fajonquito,Sare Amadi
bafata,fajonquito,Sare Birai
bafata,fajonquito,Sare Canta
bafata,fajonquito,Sare Coba
bafata,fajonquito,Sare Coli Embalo
bafata,fajonquito,Sare Djamara
bafata,fajonquito,Sare Djata
bafata,fajonquito,Sare Mamudu
bafata,fajonquito,Sare Minine
bafata,fajonquito,Sare Pati
bafata,fajonquito,Sare Tchumbo
bafata,fajonquito,Sintcha Adjango
bafata,fajonquito,Sintcha Aliu Nhaco
bafata,fajonquito,Sintcha Amadu I
bafata,fajonquito,Sintcha Amadu II
bafata,fajonquito,Sintcha Amadu III
bafata,fajonquito,Sintcha Amel
bafata,fajonquito,Sintcha Assana
bafata,fajonquito,Sintcha Asset
bafata,fajonquito,Sintcha Bacar I
bafata,fajonquito,Sintcha Bacar II
bafata,fajonquito,Sintcha Bacar III
bafata,fajonquito,Sintcha Bala
bafata,fajonquito,Sintcha Bonadju
bafata,fajonquito,Sintcha Braima I
bafata,fajonquito,Sintcha Braima II
bafata,fajonquito,Sintcha Buba
bafata,fajonquito,Sintcha Buco I
bafata,fajonquito,Sintcha Buco II
bafata,fajonquito,Sintcha Buli
bafata,fajonquito,Sintcha Burre
bafata,fajonquito,Sintcha Cadi
bafata,fajonquito,Sintcha Camaco
bafata,fajonquito,Sintcha Cantaba
bafata,fajonquito,Sintcha Carme
bafata,fajonquito,Sintcha Cobugham
bafata,fajonquito,Sintcha Coli
bafata,fajonquito,Sintcha Demairo
bafata,fajonquito,Sintcha Demba
bafata,fajonquito,Sintcha Demba Djali
bafata,fajonquito,Sintcha Dico
bafata,fajonquito,Sintcha Dicore
bafata,fajonquito,Sintcha Dulo I
bafata,fajonquito,Sintcha Dulo II
bafata,fajonquito,Sintcha Eri I
bafata,fajonquito,Sintcha Eri II
bafata,fajonquito,Sintcha Farramba
bafata,fajonquito,Sintcha Fode
bafata,fajonquito,Sintcha Ganha
bafata,fajonquito,Sintcha Ilo
bafata,fajonquito,Sintcha Kera
bafata,fajonquito,Sintcha Mabel
bafata,fajonquito,Sintcha Malam
bafata,fajonquito,Sintcha Mama Ina
bafata,fajonquito,Sintcha Mamadu Cande
bafata,fajonquito,Sintcha Mamadu Gaulo
bafata,fajonquito,Sintcha Mamadu To Djau
bafata,fajonquito,Sintcha Mandjam
bafata,fajonquito,Sintcha More
bafata,fajonquito,Sintcha Mouro
bafata,fajonquito,Sintcha Mussa I
bafata,fajonquito,Sintcha Mussa II
bafata,fajonquito,Sintcha Ndura
bafata,fajonquito,Sintcha Queta
bafata,fajonquito,Sintcha Ramadjo
bafata,fajonquito,Sintcha Samabo
bafata,fajonquito,Sintcha Samba Nhaba
bafata,fajonquito,Sintcha Sambanhaba
bafata,fajonquito,Sintcha Sambel
bafata,fajonquito,Sintcha Sambu
bafata,fajonquito,Sintcha Sanuma
bafata,fajonquito,Sintcha Sori
bafata,fajonquito,Sintcha Tcherno
bafata,fajonquito,Sintcha Torra
bafata,fajonquito,Sintcha Tumane
bafata,fajonquito,Sintcha Umaro
bafata,fajonquito,Sintcha Ussu
bafata,fajonquito,Sintcham Quendo
bafata,fajonquito,Suna
bafata,fajonquito,Tabato
bafata,fajonquito,Walicunda
bafata,ga_carnes,Baio Mandinga
bafata,ga_carnes,Baio Negado
bafata,ga_carnes,Bidana
bafata,ga_carnes,Brontonhe
bafata,ga_carnes,Cancasso
bafata,ga_carnes,Flacam
bafata,ga_carnes,Ga-Carnes
bafata,ga_carnes,Ga-Com
bafata,ga_carnes,Ga-Dia
bafata,ga_carnes,Ga-Djon
bafata,ga_carnes,Gundague
bafata,ga_carnes,Madina
bafata,ga_carnes,Manghae
bafata,ga_carnes,Nlantar
bafata,ga_carnes,Ntalai
bafata,ga_carnes,Poindon
bafata,ga_carnes,Ponta Bitchala
bafata,ga_carnes,Ponta Cadjina
bafata,ga_carnes,Ponta Camba Baleta
bafata,ga_carnes,Ponta Francisco
bafata,ga_carnes,Ponta Nfurba
bafata,ga_carnes,Ponta Novo
bafata,ga_carnes,Ponta Novo 2
bafata,ga_carnes,Ponta Paulo
bafata,ga_carnes,Ponta Saido
bafata,ga_carnes,Ponta Tome
bafata,ga_carnes,Ponta Wassa
bafata,ga_carnes,Ponta Yala
bafata,ga_carnes,Prantchon
bafata,ga_carnes,Tabual
bafata,ga_carnes,Tcherno Mauser
bafata,ga_carnes,Temghedje
bafata,ga_carnes,Tubacuta
bafata,ga_carnes,Wedequeia
bafata,ga_carnes,Xime
bafata,ga_mamudo,Aguira
bafata,ga_mamudo,Bantandjam Fula
bafata,ga_mamudo,Bantandjam Mandjaco
bafata,ga_mamudo,Bembeto
bafata,ga_mamudo,Budanghare
bafata,ga_mamudo,Buntunssum
bafata,ga_mamudo,Campanu Fula
bafata,ga_mamudo,Campanu Mandinga
bafata,ga_mamudo,Cancobo
bafata,ga_mamudo,Cantacunda
bafata,ga_mamudo,Cape
bafata,ga_mamudo,Cotobila 
bafata,ga_mamudo,Cuncana
bafata,ga_mamudo,Cuntuba
bafata,ga_mamudo,Djabada
bafata,ga_mamudo,Farancunda Fula 
bafata,ga_mamudo,Farancunda Mandinga
bafata,ga_mamudo,Fode Sana
bafata,ga_mamudo,Ga Sambu
bafata,ga_mamudo,Ga-Dafe
bafata,ga_mamudo,Ga-Mamudu 
bafata,ga_mamudo,Ga-Massira
bafata,ga_mamudo,Ganhala Fula
bafata,ga_mamudo,Ganhala mandinga
bafata,ga_mamudo,Garcia
bafata,ga_mamudo,Ida
bafata,ga_mamudo,Iero Leluma
bafata,ga_mamudo,Judeia 
bafata,ga_mamudo,Kiki
bafata,ga_mamudo,Madina
bafata,ga_mamudo,Madina Tcherno
bafata,ga_mamudo,Mairdjo
bafata,ga_mamudo,Mampata
bafata,ga_mamudo,Mandjeno
bafata,ga_mamudo,Mangatala
bafata,ga_mamudo,Manside
bafata,ga_mamudo,Mbanum
bafata,ga_mamudo,Nemataba
bafata,ga_mamudo,Nhagha
bafata,ga_mamudo,Pacua
bafata,ga_mamudo,paonta Braima
bafata,ga_mamudo,Ponta Ambrosio
bafata,ga_mamudo,Prian de Baixo
bafata,ga_mamudo,Prian de Cima
bafata,ga_mamudo,Samba Ogo
bafata,ga_mamudo,Sambalele
bafata,ga_mamudo,Sanda Mena
bafata,ga_mamudo,Sare Ganha
bafata,ga_mamudo,Sawian
bafata,ga_mamudo,Sintchan Aladje
bafata,ga_mamudo,Sintchan Almane
bafata,ga_mamudo,Sintchan Amassamba
bafata,ga_mamudo,Sintchan Badju
bafata,ga_mamudo,Sintchan Bato
bafata,ga_mamudo,Sintchan Bela 
bafata,ga_mamudo,Sintchan Bobo
bafata,ga_mamudo,Sintchan Botche
bafata,ga_mamudo,Sintchan Bubacar
bafata,ga_mamudo,Sintchan Camissa
bafata,ga_mamudo,Sintchan Cantaba
bafata,ga_mamudo,Sintchan Demba Lau
bafata,ga_mamudo,Sintchan Demba Uri
bafata,ga_mamudo,Sintchan Dembel
bafata,ga_mamudo,Sintchan Dembuel
bafata,ga_mamudo,Sintchan Dico
bafata,ga_mamudo,Sintchan Djai
bafata,ga_mamudo,Sintchan Djobore
bafata,ga_mamudo,Sintchan Ioro Maro
bafata,ga_mamudo,Sintchan Jose
bafata,ga_mamudo,Sintchan Madi
bafata,ga_mamudo,Sintchan Madjalo
bafata,ga_mamudo,Sintchan Malam
bafata,ga_mamudo,Sintchan Mamadugundo
bafata,ga_mamudo,Sintchan Mamudu
bafata,ga_mamudo,Sintchan Mamudu
bafata,ga_mamudo,Sintchan Mansali 1
bafata,ga_mamudo,Sintchan Mare
bafata,ga_mamudo,Sintchan Masali 2
bafata,ga_mamudo,Sintchan Oio
bafata,ga_mamudo,Sintchan Puron
bafata,ga_mamudo,Sintchan Samba 
bafata,ga_mamudo,Sintchan Samba Djalo
bafata,ga_mamudo,Sintchan Sambaro
bafata,ga_mamudo,Sintchan Sambundo
bafata,ga_mamudo,Sintchan Selo
bafata,ga_mamudo,Sintchan Silate
bafata,ga_mamudo,Sintchan Sirifo
bafata,ga_mamudo,Sintchan Sisse
bafata,ga_mamudo,Sintchan Suleimane
bafata,ga_mamudo,Sintchan Talata
bafata,ga_mamudo,Sintchan Tenquina
bafata,ga_mamudo,Sintchan Umaro
bafata,ga_mamudo,Sintchan Wali
bafata,ga_mamudo,SintchanCadji
bafata,ga_mamudo,Sintchu
bafata,ga_mamudo,Tabato
bafata,ga_mamudo,Waia
bafata,ga_mamudo,Watchico
bafata,ga_ture, Belel 1e 2
bafata,ga_ture,Aldeia
bafata,ga_ture,Banir 1 e 2
bafata,ga_ture,Boa esperansa
bafata,ga_ture,Bulia
bafata,ga_ture,Campo Militar
bafata,ga_ture,caranquecunda
bafata,ga_ture,COOPAR12 SET
bafata,ga_ture,corubal
bafata,ga_ture,cossarandim
bafata,ga_ture,finete 1 e 2
bafata,ga_ture,Firbidig
bafata,ga_ture,GA- Sambu 2
bafata,ga_ture,Ga- TURE
bafata,ga_ture,Ga-Cumba
bafata,ga_ture,Ga-Djau
bafata,ga_ture,Gagemia 1 e 2
bafata,ga_ture,Ga-Joaquim
bafata,ga_ture,Gambana
bafata,ga_ture,Gambiel 1 e 2
bafata,ga_ture,Ga-Silva
bafata,ga_ture,G-Sambu 1
bafata,ga_ture,Iarecunda1 e 2
bafata,ga_ture,Madina 1 e 2
bafata,ga_ture,Madina Gam Fula
bafata,ga_ture,Madina Gamb B
bafata,ga_ture,Malam Ndim
bafata,ga_ture,Mana
bafata,ga_ture,Mato de cao
bafata,ga_ture,Mato Madeira
bafata,ga_ture,Missira
bafata,ga_ture,Patch
bafata,ga_ture,Pati djide
bafata,ga_ture,Ponta Antoninho
bafata,ga_ture,Ponta Armando
bafata,ga_ture,Ponta Inap
bafata,ga_ture,Ponta Marciano
bafata,ga_ture,ponta Nbos
bafata,ga_ture,Ponta Patrao
bafata,ga_ture,Quenhe Tenda
bafata,ga_ture,Salato
bafata,ga_ture,Salquenhe 1 e 2
bafata,ga_ture,Sambatchur 1 e 2
bafata,ga_ture,Sancorla
bafata,ga_ture,Sansam
bafata,ga_ture,St Alfa
bafata,ga_ture,St Demba
bafata,ga_ture,tchicre
bafata,ga_ture,Tchicre Fulipi
bafata,ga_ture,Tchicre Madinga
bafata,ga_ture,Tchicre Mandjaco
bafata,ga_ture,Tchongolo
bafata,ga_ture,Tendja Sabi
bafata,ga_ture,Tendja Sabi 1234
bafata,ga_ture,Viveiro
bafata,geba,Aldeia
bafata,geba,Amadu Caba
bafata,geba,Batichapa
bafata,geba,Belel
bafata,geba,Brendinto 
bafata,geba,Bula Sinho
bafata,geba,Buole Balanta
bafata,geba,Buole Fula 
bafata,geba,Buole Mandinga
bafata,geba,Cafia
bafata,geba,Carbanole
bafata,geba,Cissau
bafata,geba,Cumuda
bafata,geba,Cumuda Missira
bafata,geba,Dandu
bafata,geba,Darsalam
bafata,geba,Demba Cunda
bafata,geba,Dembadjapel
bafata,geba,Dembandje
bafata,geba,Dembeldjulde
bafata,geba,Dembeldjulde 1
bafata,geba,Dembelmansomine
bafata,geba,Djanha
bafata,geba,Duai
bafata,geba,Farato
bafata,geba,Gambasse
bafata,geba,Gangalai
bafata,geba,Ganhadjinha
bafata,geba,Gantumane
bafata,geba,Geba
bafata,geba,Ierdomoli
bafata,geba,Leria
bafata,geba,Madina 
bafata,geba,Madina Djanha
bafata,geba,Mamane
bafata,geba,Mampata
bafata,geba,Mandem 
bafata,geba,Mandem 2
bafata,geba,Mansa Cunda
bafata,geba,Mansaine
bafata,geba,Ndanca
bafata,geba,Ndjobel
bafata,geba,Ponta Aladje
bafata,geba,Ponta Americano
bafata,geba,Ponta Antonio
bafata,geba,Ponta Bira
bafata,geba,Ponta Bissunaga
bafata,geba,Ponta dete
bafata,geba,Ponta Mutcha
bafata,geba,Ponta Quida
bafata,geba,ponta Rosa 1
bafata,geba,Ponta Rosa 2
bafata,geba,Ponta Subana
bafata,geba,Ponta Vicente
bafata,geba,Ponta Zeca Martins
bafata,geba,Potocono
bafata,geba,Sado 
bafata,geba,Sado sinho
bafata,geba,SambaBuia
bafata,geba,Sare banda
bafata,geba,Sare Bude
bafata,geba,Sare Djeno
bafata,geba,Sare Gana
bafata,geba,Sare Gana
bafata,geba,Sare Meta
bafata,geba,Sare Ndjobo
bafata,geba,Sare Pate
bafata,geba,Sare Ura
bafata,geba,Sintcha Aba
bafata,geba,Sintcha Aladje 
bafata,geba,Sintcha Aladje Mane
bafata,geba,Sintcha Baite
bafata,geba,Sintcha Bala 
bafata,geba,Sintcha bambe
bafata,geba,Sintcha Braima
bafata,geba,Sintcha Buaro
bafata,geba,Sintcha Buquel 
bafata,geba,Sintcha Bure
bafata,geba,Sintcha Dembel
bafata,geba,Sintcha Djarga
bafata,geba,Sintcha Djau
bafata,geba,Sintcha Djon
bafata,geba,Sintcha Dula
bafata,geba,Sintcha Fouro
bafata,geba,Sintcha Ganha
bafata,geba,Sintcha Madia
bafata,geba,Sintcha Mamadi
bafata,geba,Sintcha Maude
bafata,geba,Sintcha Maudo
bafata,geba,Sintcha Potocono
bafata,geba,Sintcha Queda
bafata,geba,Sintcha Simao 
bafata,geba,Sintcha Sutu
bafata,geba,Sintcha Umaro
bafata,geba,Sucuto
bafata,geba,Tabanca Novo
bafata,geba,Tcheuel
bafata,geba,Temato
bafata,geba,Torodjo
bafata,sare_bacar,Aliu Djau
bafata,sare_bacar,Aliu Nhamadjo
bafata,sare_bacar,Bangingara
bafata,sare_bacar,Bantanghel
bafata,sare_bacar,Bolinto
bafata,sare_bacar,Carantaba
bafata,sare_bacar,Darsalam
bafata,sare_bacar,Demba Seidi
bafata,sare_bacar,Duma
bafata,sare_bacar,Fafabe
bafata,sare_bacar,Madina Tuncan
bafata,sare_bacar,Panalitcha
bafata,sare_bacar,Raudatu
bafata,sare_bacar,Salamato
bafata,sare_bacar,Samba Ruca
bafata,sare_bacar,Sare Aliu
bafata,sare_bacar,Sare Bacar
bafata,sare_bacar,Sare Bailo
bafata,sare_bacar,Sare Malam
bafata,sare_bacar,Sare Mamadi
bafata,sare_bacar,Sauian
bafata,sare_bacar,Sibidja Fula
bafata,sare_bacar,Sibidja Mandinga
bafata,sare_bacar,Sintcha Adul
bafata,sare_bacar,Sintcha Arruna
bafata,sare_bacar,Sintcha Bacar
bafata,sare_bacar,Sintcha Baciro
bafata,sare_bacar,Sintcha Bangali
bafata,sare_bacar,Sintcha Braima
bafata,sare_bacar,Sintcha Cuine
bafata,sare_bacar,Sintcha Gado
bafata,sare_bacar,Sintcha Ganha
bafata,sare_bacar,Sintcha Iabo
bafata,sare_bacar,Sintcha Malam Ude
bafata,sare_bacar,Sintcha Mama samba
bafata,sare_bacar,Sintcha Mumine
bafata,sare_bacar,Sintcha Quemadi
bafata,sare_bacar,Sintcha saido
bafata,sare_bacar,Sintcha Samba Jorge
bafata,sare_bacar,Sintcha Sambel
bafata,sare_bacar,Sintcha sauade
bafata,sare_bacar,Sintcha Seco
bafata,sare_bacar,Sintcha Tcherno Djai
bafata,sare_bacar,Sintcha Ussumane 1
bafata,sare_bacar,Sintcha Ussumane 2
bafata,sare_bacar,Sora
bafata,sare_bacar,Tabanane
bafata,sare_bacar,Tchafena 1
bafata,sare_bacar,Tchafena 2
bafata,tantam_cosse,Bambadinca Cossera
bafata,tantam_cosse,Barcato
bafata,tantam_cosse,Baria I
bafata,tantam_cosse,BariaII
bafata,tantam_cosse,Brincasse
bafata,tantam_cosse,Camassabai
bafata,tantam_cosse,Cambeidare
bafata,tantam_cosse,Canfarima
bafata,tantam_cosse,Canquinte
bafata,tantam_cosse,Carabina
bafata,tantam_cosse,Cuntchumpa
bafata,tantam_cosse,Darsalam
bafata,tantam_cosse,Demba Cali
bafata,tantam_cosse,Dembaare
bafata,tantam_cosse,Demidja
bafata,tantam_cosse,Djabicunda
bafata,tantam_cosse,Djiulem
bafata,tantam_cosse,Entroncamento
bafata,tantam_cosse,Femba
bafata,tantam_cosse,Fumiare
bafata,tantam_cosse,Ga gurdo
bafata,tantam_cosse,Galoia
bafata,tantam_cosse,Ga-mamudo
bafata,tantam_cosse,Ierobano
bafata,tantam_cosse,Ierowindi Fula
bafata,tantam_cosse,Ierowindi Mandinga
bafata,tantam_cosse,Lamocoli
bafata,tantam_cosse,Madina Cuta
bafata,tantam_cosse,Madina Fode
bafata,tantam_cosse,Madina Sael
bafata,tantam_cosse,Mahongha
bafata,tantam_cosse,Maraquissa
bafata,tantam_cosse,Missira
bafata,tantam_cosse,Padjane
bafata,tantam_cosse,Ponta Guerra
bafata,tantam_cosse,Querewane
bafata,tantam_cosse,Sanuma
bafata,tantam_cosse,Sare Buba
bafata,tantam_cosse,Sare Saba
bafata,tantam_cosse,Simbonqui
bafata,tantam_cosse,Sintcha Abas
bafata,tantam_cosse,Sintcha Alanso
bafata,tantam_cosse,Sintcha Baila
bafata,tantam_cosse,Sintcha Bailo
bafata,tantam_cosse,Sintcha Camai
bafata,tantam_cosse,Sintcha Cori
bafata,tantam_cosse,Sintcha Demba
bafata,tantam_cosse,Sintcha Farba
bafata,tantam_cosse,Sintcha Fina
bafata,tantam_cosse,Sintcha Idi
bafata,tantam_cosse,Sintcha Mamado
bafata,tantam_cosse,Sintcha Nhariro
bafata,tantam_cosse,Sintcha Saido
bafata,tantam_cosse,Sintcha Sambel
bafata,tantam_cosse,Sintcha Seco
bafata,tantam_cosse,Sintcha Sori
bafata,tantam_cosse,Sintcha Tcherna Cande
bafata,tantam_cosse,Sintcha Tcherno
bafata,tantam_cosse,Sintcha Tuncara
bafata,tantam_cosse,Sintchan Aliu
bafata,tantam_cosse,Sintchan Mama SCande
bafata,tantam_cosse,Sintchan Mamado Calilo
bafata,tantam_cosse,Sintchan Meta
bafata,tantam_cosse,Sinthan Demba Nhaco
bafata,tantam_cosse,Sotocoi
bafata,tantam_cosse,St Samba mandjaco
bafata,tantam_cosse,Taba Uma
bafata,tantam_cosse,Tabato
bafata,tantam_cosse,Tantan-cosse I
bafata,tantam_cosse,Tantan-cosseII
bafata,tantam_cosse,Teanacunda
bafata,tantam_cosse,Timbinto
bafata,tantam_cosse,Tuncaracunda
bafata,tendinto,Cobeto
bafata,tendinto,Dumbu
bafata,tendinto,Lenquel
bafata,tendinto,Manta-Seide
bafata,tendinto,Pananbo
bafata,tendinto,Querwane
bafata,tendinto,Sabali-Cunda
bafata,tendinto,Sahagare
bafata,tendinto,Sahagare-Amadi
bafata,tendinto,Sare-Bailo
bafata,tendinto,Sare-Pate
bafata,tendinto,Sare-Wali
bafata,tendinto,Sintcham-Adulai
bafata,tendinto,Sumbundo
bafata,tendinto,Tendinto
bafata,tendinto,Walicunda
bafata,xitole,Afia Colubo
bafata,xitole,afia Corubal
bafata,xitole,afia Embalo Cunda
bafata,xitole,afia Polon
bafata,xitole,Algarve
bafata,xitole,Aliel
bafata,xitole,Andesine
bafata,xitole,Assana Djau
bafata,xitole,Bairro Cola
bafata,xitole,Bairro Militar
bafata,xitole,Bairro Socorro
bafata,xitole,BiomboZinho
bafata,xitole,Bissau Novo
bafata,xitole,BissauZinho
bafata,xitole,Bolo
bafata,xitole,Bolo Pepel
bafata,xitole,Braima Sori
bafata,xitole,Bussura
bafata,xitole,Camara
bafata,xitole,Cambesse
bafata,xitole,Candama
bafata,xitole,Canhob Zinho
bafata,xitole,Cansamandji
bafata,xitole,Canssonco
bafata,xitole,Cantchungo Zinho
bafata,xitole,Cantoro
bafata,xitole,Carantaba
bafata,xitole,Ciama
bafata,xitole,Corrubal 
bafata,xitole,Cuntim
bafata,xitole,Dandu Sonco
bafata,xitole,Dandun
bafata,xitole,darsalam
bafata,xitole,Demaudo
bafata,xitole,DembaDuro
bafata,xitole,Dembel Molo
bafata,xitole,Djabi cunda
bafata,xitole,Djagaradje 2
bafata,xitole,Djagaradji1
bafata,xitole,Djon Bocar
bafata,xitole,Fadiba 
bafata,xitole,Fifiol
bafata,xitole,Ga Bucar
bafata,xitole,Ga Codia Balanta
bafata,xitole,Ga Codia Mandinga
bafata,xitole,Ga Djul
bafata,xitole,Ga Ndjai
bafata,xitole,Gonhedje
bafata,xitole,Gunti
bafata,xitole,Horta Adulai
bafata,xitole,Horta Baro
bafata,xitole,Lumbadjodo
bafata,xitole,Madina afia
bafata,xitole,Madina ali
bafata,xitole,Madina Maude Buco
bafata,xitole,Madina tabadji
bafata,xitole,Manpata Bairro 1
bafata,xitole,Manpata Bairro 2
bafata,xitole,manSambu
bafata,xitole,Min-Na
bafata,xitole,Nbiro
bafata,xitole,Nema
bafata,xitole,Nhondof
bafata,xitole,Patche
bafata,xitole,Pati djau
bafata,xitole,Pato Windi
bafata,xitole,Ponta Assana
bafata,xitole,Ponta Augusto
bafata,xitole,Ponta Bispo
bafata,xitole,Ponta Carlito
bafata,xitole,Ponta cassamba
bafata,xitole,Ponta Djicol
bafata,xitole,Ponta Fernando
bafata,xitole,Ponta Ganha
bafata,xitole,Ponta Ivo
bafata,xitole,Ponta Joao Bico
bafata,xitole,Ponta Joaquin
bafata,xitole,Ponta Lona
bafata,xitole,Ponta Mamadu Aliu
bafata,xitole,Ponta Mendes
bafata,xitole,Ponta Ndjuf
bafata,xitole,Ponta Nobo
bafata,xitole,Ponta Saico
bafata,xitole,Ponta Simao
bafata,xitole,Ponta Umaco
bafata,xitole,Ponta Wassa
bafata,xitole,Ponta Ze
bafata,xitole,Queneba
bafata,xitole,Quiraf
bafata,xitole,Salifo
bafata,xitole,Saltinho
bafata,xitole,Samaro
bafata,xitole,Samba Mane
bafata,xitole,Sambale
bafata,xitole,Sambuia
bafata,xitole,sana umaro
bafata,xitole,Sanha Bas
bafata,xitole,Sanhe Bessare
bafata,xitole,Sare Iunca
bafata,xitole,Sare Lale
bafata,xitole,SatiCuta
bafata,xitole,Seco Braima
bafata,xitole,Sintcha Bacar
bafata,xitole,Sintcha Bacar budi
bafata,xitole,Sintcha Bissa
bafata,xitole,Sintcha Bonco
bafata,xitole,Sintcha Braima
bafata,xitole,Sintcha Canta
bafata,xitole,Sintcha Carimo
bafata,xitole,Sintcha Caro
bafata,xitole,Sintcha Conco
bafata,xitole,Sintcha Cule
bafata,xitole,Sintcha Demba
bafata,xitole,Sintcha Dembael
bafata,xitole,Sintcha Djae
bafata,xitole,Sintcha Djeno
bafata,xitole,Sintcha djombel
bafata,xitole,Sintcha Gabon
bafata,xitole,Sintcha Iaia
bafata,xitole,Sintcha Labontche
bafata,xitole,Sintcha Lama
bafata,xitole,Sintcha Madiu
bafata,xitole,Sintcha Mamudo
bafata,xitole,Sintcha Mole
bafata,xitole,Sintcha Mori
bafata,xitole,Sintcha Opa
bafata,xitole,Sintcha saido
bafata,xitole,Sintcha samba
bafata,xitole,Sintcha Samba 2
bafata,xitole,Sintcha Satcho
bafata,xitole,Sintcha Seco
bafata,xitole,Sintcha Sori
bafata,xitole,Sintcha Tempere
bafata,xitole,Sintcha Tomane
bafata,xitole,Sintcha Ugai
bafata,xitole,Sintchandji 1
bafata,xitole,Sintchandji 2
bafata,xitole,Stcha Mama Saliu
bafata,xitole,Taghale
bafata,xitole,Tchante
bafata,xitole,Tcherno Ali
bafata,xitole,Tchumuel
bafata,xitole,Tendinto
bafata,xitole,Tuba
bafata,xitole,Umaro Djafuno
bafata,xitole,Uracande
bafata,xitole,Xitole
gabu,bajocunda,Amedalai
gabu,bajocunda,Badjungara
gabu,bajocunda,Bajocunda
gabu,bajocunda,Cantacumba
gabu,bajocunda,Copa
gabu,bajocunda,Cuntim
gabu,bajocunda,Daifa
gabu,bajocunda,Dinga Bantanghel
gabu,bajocunda,Dinga Ioba
gabu,bajocunda,Dinga Samba Tchatche 
gabu,bajocunda,Djufana
gabu,bajocunda,Elacunda
gabu,bajocunda,Funtufuntula
gabu,bajocunda,Guirocunda
gabu,bajocunda,Madina Quelefa
gabu,bajocunda,Mansacunda Maunde
gabu,bajocunda,Olucunda
gabu,bajocunda,Ore-Bode
gabu,bajocunda,Ore-Maudo
gabu,bajocunda,Samba Doro
gabu,bajocunda,Samba Uro
gabu,bajocunda,Sare Djuma
gabu,bajocunda,Sare Sambe
gabu,bajocunda,Sintcham Amadu
gabu,bajocunda,Sintcham Dado
gabu,bajocunda,Sintcham Mansacunda
gabu,bajocunda,Sintcham Saliu
gabu,bajocunda,Sintcham Sambaro
gabu,bajocunda,Sitcham Dembel
gabu,bajocunda,Tabassai
gabu,beli,Bantanforo
gabu,beli,Beli
gabu,beli,Belizinho
gabu,beli,Boloba
gabu,beli,Boro 1
gabu,beli,Boro 2
gabu,beli,Bufena
gabu,beli,Bunducur
gabu,beli,Candacoli
gabu,beli,Canquidima
gabu,beli,Cobolo
gabu,beli,Cunsimbamidje
gabu,beli,Dacale
gabu,beli,Farambandji
gabu,beli,Limbi-Afia
gabu,beli,Limbi-lucum
gabu,beli,Limbi-Manga Tamba
gabu,beli,Maria
gabu,beli,MBurodji
gabu,beli,Monde Ali
gabu,beli,Ore-limbi
gabu,beli,Ore-Tchom
gabu,beli,Pataque
gabu,beli,Quewe 1
gabu,beli,Quewe 2
gabu,beli,Simba Um
gabu,beli,Sintcham Mamadu
gabu,beli,Sintchur parauali
gabu,beli,Sutumaca
gabu,beli,Tambari 1
gabu,beli,Tambari2
gabu,beli,Tchancunsate
gabu,beli,Tchanlabo
gabu,beli,Tchetche
gabu,beli,Tuba Boe
gabu,beli,Unsire
gabu,beli,Wendutcham
gabu,buruntuma,Afia Cufa
gabu,buruntuma,Amora
gabu,buruntuma,Baciro Baracato
gabu,buruntuma,Baguia
gabu,buruntuma,Bucure Boboti
gabu,buruntuma,Bucure-Cuntcha
gabu,buruntuma,Bucure-Dulo
gabu,buruntuma,Bucure-More
gabu,buruntuma,Buruntuma
gabu,buruntuma,Caira Boe
gabu,buruntuma,Caira Padjadinca
gabu,buruntuma,Camadjaba
gabu,buruntuma,Cancoli
gabu,buruntuma,Cataba Fulbe
gabu,buruntuma,Cataba quinze
gabu,buruntuma,Darlabe
gabu,buruntuma,Darsalam
gabu,buruntuma,Demba Djabuel
gabu,buruntuma,DonIora
gabu,buruntuma,Fulamansa
gabu,buruntuma,Gadapara
gabu,buruntuma,Gundaga
gabu,buruntuma,Hadjango
gabu,buruntuma,Lenqueren
gabu,buruntuma,Lenqueto Pate
gabu,buruntuma,Madi-Maudo
gabu,buruntuma,Madina Islao
gabu,buruntuma,Madina Quebu
gabu,buruntuma,Madi-Tchucael
gabu,buruntuma,Malam Dalass
gabu,buruntuma,Mamado Cande
gabu,buruntuma,Mamanai
gabu,buruntuma,Mama-Timbe
gabu,buruntuma,Manga-Boe
gabu,buruntuma,Nangue Ulane
gabu,buruntuma,NDjarem
gabu,buruntuma,Nhawar
gabu,buruntuma,Samba-Djiba
gabu,buruntuma,Santandjan
gabu,buruntuma,Sintcha  Adi
gabu,buruntuma,Sintcha Barros
gabu,buruntuma,Sintchan Adulai
gabu,buruntuma,Sintchan Aliu WReube
gabu,buruntuma,Sintchan Bafata
gabu,buruntuma,Sintchan Bailo
gabu,buruntuma,Sintchan Bilama
gabu,buruntuma,Sintchan Buba
gabu,buruntuma,Sintchan Bucari
gabu,buruntuma,Sintchan Coli
gabu,buruntuma,Sintchan Dadi
gabu,buruntuma,Sintchan Dara
gabu,buruntuma,Sintchan Demba
gabu,buruntuma,Sintchan Djote
gabu,buruntuma,Sintchan Montan
gabu,buruntuma,Sintchan Quinze
gabu,buruntuma,Sintchan Sara
gabu,buruntuma,Sintchur Aisseine
gabu,buruntuma,Sintchur Alfa
gabu,buruntuma,Sintchur Ndjaila
gabu,buruntuma,Sintchur Ussai
gabu,buruntuma,Tendel Uri
gabu,buruntuma,Turi
gabu,buruntuma,Uri Demba
gabu,candjufa,AFIA DJALO
gabu,candjufa,AFIA DJAM SADJO
gabu,candjufa,AMASSIDE
gabu,candjufa,Bambadinca
gabu,candjufa,BESSECUNDA
gabu,candjufa,BIRCUNDA
gabu,candjufa,CACANDe
gabu,candjufa,CAM MAMUDO
gabu,candjufa,CAMBANA MAUNDe
gabu,candjufa,CANJUFA
gabu,candjufa,CARABELI
gabu,candjufa,CODESSAM
gabu,candjufa,CONCOMELU-1
gabu,candjufa,CONCOMELU-2
gabu,candjufa,CUBECUNDA
gabu,candjufa,CUNDARA
gabu,candjufa,DJOMELCUNDA
gabu,candjufa,FARINA
gabu,candjufa,MADINA SENE
gabu,candjufa,MAMADUSSO
gabu,candjufa,MARUEL
gabu,candjufa,MISSIRA
gabu,candjufa,N’GHOLE
gabu,candjufa,NHACARE
gabu,candjufa,PADJAMA-1
gabu,candjufa,PADJAMA-2
gabu,candjufa,PONTA ALBERTO
gabu,candjufa,SAMBA CUMBO
gabu,candjufa,SAMBA DJAU
gabu,candjufa,SAMBA DJIBA
gabu,candjufa,SAMBA TACO
gabu,candjufa,SARAPATE
gabu,candjufa,SERRAÇaO 
gabu,candjufa,SIMA
gabu,candjufa,SINTCHAM ALADJE
gabu,candjufa,SINTCHAM ANDEBE
gabu,candjufa,SINTCHAM BACIRO
gabu,candjufa,SINTCHAM DEMBA DANEDJU
gabu,candjufa,SINTCHAM DEMBEL
gabu,candjufa,SINTCHAM DULO
gabu,candjufa,SINTCHAM FARIM
gabu,candjufa,SINTCHAM IBIL
gabu,candjufa,SINTCHAM MAMADU BENTEN
gabu,candjufa,SINTCHAM SALA
gabu,candjufa,SINTCHAM SALIU
gabu,candjufa,SINTCHAM SAMA
gabu,candjufa,SINTCHAM SAMBEL
gabu,candjufa,SINTCHAM TCHERNO
gabu,candjufa,SINTCHAM TENEM
gabu,candjufa,SINTHAM CAMBANA
gabu,candjufa,SINTHAM TCHALI
gabu,candjufa,SINTHCAM BISSAU
gabu,candjufa,TABADJAM
gabu,candjufa,TCHABICUNDA
gabu,candjufa,TCHEDUEL
gabu,candjufa,UFARA
gabu,candjufa,UFOIA TCHERNO SABANA
gabu,candjufa,UMARO BELA
gabu,candjufa,UNANGO
gabu,canjadude,Balanca
gabu,canjadude,Balaquebo
gabu,canjadude,Bani
gabu,canjadude,Bantanto Djaia
gabu,canjadude,Buduco
gabu,canjadude,Bundo Alfa
gabu,canjadude,Bussura
gabu,canjadude,Cabada
gabu,canjadude,Cabuca
gabu,canjadude,Cancoli saliu
gabu,canjadude,Candamandi
gabu,canjadude,Candemba
gabu,canjadude,Canducre
gabu,canjadude,Canguiro
gabu,canjadude,Canjadude
gabu,canjadude,Cansamba
gabu,canjadude,Couaina
gabu,canjadude,Cumbeba
gabu,canjadude,Cumuda
gabu,canjadude,Daro Idjirato
gabu,canjadude,Djanueli
gabu,canjadude,Farina
gabu,canjadude,Gabu Sara
gabu,canjadude,Madina Cinho
gabu,canjadude,Madina NGhada
gabu,canjadude,Madina Tchanha
gabu,canjadude,Mamado Molo
gabu,canjadude,Missra Tchanha
gabu,canjadude,Mudjidelifa
gabu,canjadude,Nhaulem
gabu,canjadude,Pahamo
gabu,canjadude,Parawali
gabu,canjadude,Pinar
gabu,canjadude,Samba Gana
gabu,canjadude,Sanghara
gabu,canjadude,Satcha
gabu,canjadude,Sibito
gabu,canjadude,Sibito zinho
gabu,canjadude,Sintcha Manga
gabu,canjadude,Sintchan Arafam
gabu,canjadude,Sntchan Aliu
gabu,canjadude,Tchetche
gabu,canquelefa,Afia
gabu,canquelefa,Badjo Djau
gabu,canquelefa,Bircama
gabu,canquelefa,Bobo Fadi
gabu,canquelefa,Boe Caium
gabu,canquelefa,Bussura
gabu,canquelefa,Camabe
gabu,canquelefa,Campate
gabu,canquelefa,Camussali
gabu,canquelefa,Candjaiba
gabu,canquelefa,Canquelifa
gabu,canquelefa,Cantir
gabu,canquelefa,Catchadja Boe
gabu,canquelefa,Catchadja Fula
gabu,canquelefa,Catchadja Futa
gabu,canquelefa,Cumporma
gabu,canquelefa,Daro Hidjirato
gabu,canquelefa,Dunane 1
gabu,canquelefa,Dunane 2
gabu,canquelefa,Dunane Patchis
gabu,canquelefa,Kolda Guine-Bissau
gabu,canquelefa,Lamoi
gabu,canquelefa,Lenqueto
gabu,canquelefa,Madina  Mamadjam
gabu,canquelefa,Madina Djaube
gabu,canquelefa,Madina Mamadjam Djalo
gabu,canquelefa,Madina Oloto
gabu,canquelefa,Madina Sunato
gabu,canquelefa,Madina Tabare
gabu,canquelefa,Mudo
gabu,canquelefa,Nhunhanca
gabu,canquelefa,Olotto
gabu,canquelefa,Patom
gabu,canquelefa,Sadjam 
gabu,canquelefa,Sare Djide
gabu,canquelefa,Sintcham Aliu
gabu,canquelefa,Sintcham Bari
gabu,canquelefa,Sintcham Malam
gabu,canquelefa,Sintcham Mamadu Aliu Djalo
gabu,canquelefa,Sintcham Sadjo
gabu,canquelefa,Sintcham Seco
gabu,canquelefa,Sintchan  Iero
gabu,canquelefa,Sintchan Aladje Iero
gabu,canquelefa,Sintchur Bocar
gabu,canquelefa,Sintchur Lama
gabu,canquelefa,Stcha Adulai
gabu,canquelefa,Sunato Rasul
gabu,canquelefa,Tabael
gabu,canquelefa,Tcharim Fula
gabu,canquelefa,Tcharim Futa
gabu,canquelefa,Tchauara 
gabu,cansisse,Afia Demba Djamanca
gabu,cansisse,Aledje Iaia
gabu,cansisse,Amedalai
gabu,cansisse,Bubacar Lade
gabu,cansisse,Cadunco
gabu,cansisse,Camsamba Djau
gabu,cansisse,Cancisse
gabu,cansisse,Cancoli Binafa
gabu,cansisse,Cancube
gabu,cansisse,Candate
gabu,cansisse,Candjide
gabu,cansisse,Canfara
gabu,cansisse,Canguia (Candjia)
gabu,cansisse,Canta Cunda
gabu,cansisse,Cantchumo
gabu,cansisse,Casamandje
gabu,cansisse,Cumtchanque
gabu,cansisse,Dar Es Salam
gabu,cansisse,Demba Arabi
gabu,cansisse,Dinhor
gabu,cansisse,Fassaque
gabu,cansisse,Guidale
gabu,cansisse,Iero Sali
gabu,cansisse,Imilo I
gabu,cansisse,ImIlo II
gabu,cansisse,Mussa Iero
gabu,cansisse,Padada
gabu,cansisse,Patchana
gabu,cansisse,Patildja
gabu,cansisse,SANTA  Casa-Samba Cossara (Sintcha Samba)
gabu,cansisse,SEWE
gabu,cansisse,Sintcham Aladje
gabu,cansisse,Sintcham Alfa
gabu,cansisse,Sintcham Bambadu
gabu,cansisse,Sintcham Bocar
gabu,cansisse,Sintcham Dja Iero Embalo
gabu,cansisse,Sintcham Djai
gabu,cansisse,Sintcham Djeba
gabu,cansisse,Sintcham Doma
gabu,cansisse,Sintcham Dulo
gabu,cansisse,Sintcham Iaia
gabu,cansisse,Sintcham Issa
gabu,cansisse,Sintcham Lali
gabu,cansisse,Sintcham Mabo
gabu,cansisse,Sintcham Malam
gabu,cansisse,Sintcham Mamadu I
gabu,cansisse,Sintcham Mamadu II
gabu,cansisse,Sintcham Serifo
gabu,cansisse,Sintcham Ussumane
gabu,cansisse,Sintchan Fali
gabu,cansisse,Umaro Mama
gabu,cansisse,Wassadu 
gabu,cansisse,Welingara
gabu,dandum,AFIA
gabu,dandum,BILONCO
gabu,dandum,BRACIA
gabu,dandum,BUBA
gabu,dandum,CANHANQUE
gabu,dandum,CAPEDJE
gabu,dandum,CUMBA CUM
gabu,dandum,CURA COTO
gabu,dandum,DANDI COLI 1
gabu,dandum,DANDI COLI 2
gabu,dandum,Dandum
gabu,dandum,DARSSALAM
gabu,dandum,Diquel
gabu,dandum,DJIFIM
gabu,dandum,GOBIDJE 
gabu,dandum,GUILEDJE
gabu,dandum,GUILEDJE DIN HATA
gabu,dandum,GUILEDJE ON
gabu,dandum,MADINA BOE
gabu,dandum,MADINA DJAM
gabu,dandum,MADINA DJARGA
gabu,dandum,MADINA DJAUIA
gabu,dandum,MAEL BANI 
gabu,dandum,MISSIDE BUSSURA
gabu,dandum,MISSIRA BOE
gabu,dandum,N GALO
gabu,dandum,NHANTA FARAM
gabu,dandum,PAIAI LEMONERE
gabu,dandum,PAIAI NUMBA
gabu,dandum,PARMANGUEL
gabu,dandum,SINTCHAM DJARE
gabu,dandum,SINTCHAM MUSSA
gabu,dandum,SINTCHAM SAINE
gabu,dandum,UNCIRE
gabu,dara,Bailocunda
gabu,dara,Baleia
gabu,dara,Bantanquilim
gabu,dara,Bussura
gabu,dara,Camari
gabu,dara,Cambadjana
gabu,dara,Camidino
gabu,dara,Canboido
gabu,dara,Candjam
gabu,dara,Cani
gabu,dara,Carantaba
gabu,dara,Dara
gabu,dara,Darcalam
gabu,dara,Djacunda
gabu,dara,Djaima
gabu,dara,Djambur
gabu,dara,Djebacunda
gabu,dara,Iermarum
gabu,dara,Madina Cuta
gabu,dara,Madina Djalocunda  2
gabu,dara,Madina Djalocunda 1
gabu,dara,Madina Djam
gabu,dara,Madina Mandiabe
gabu,dara,Madina Mandinga
gabu,dara,Madina Wda
gabu,dara,Madina Wu
gabu,dara,Mancandje
gabu,dara,Paiama
gabu,dara,Sampaiai
gabu,dara,Sintcham  Seco
gabu,dara,Sintcham Gai
gabu,dara,Sintcham Iaia
gabu,dara,Sintcham Ussumane
gabu,dara,Sintchan Alfa
gabu,dara,Sintchan Alimo
gabu,dara,Sintchan Bebe
gabu,dara,Sintchan Boi
gabu,dara,Sintchan Coin
gabu,dara,Sintchan Lama
gabu,dara,Sintchan Mamadi
gabu,dara,Sintchan Sulai
gabu,dara,Sintchan Tamas
gabu,dara,Sintchur Sidi
gabu,dara,Sira Mulel
gabu,dara,Tassilima
gabu,dara,Timbi Madina
gabu,dara,Welingara
gabu,fasse,Camare
gabu,fasse,Cantelcunda
gabu,fasse,Demba Djau
gabu,fasse,Djanna
gabu,fasse,Fasse Zona-1
gabu,fasse,Fasse zona-2
gabu,fasse,Fasse zona-3
gabu,fasse,Fasse zona-4
gabu,fasse,Fasse zona-5
gabu,fasse,Ierobacunda
gabu,fasse,iIero Sili
gabu,fasse,Marenacunda
gabu,fasse,Mundjuri
gabu,fasse,Paiana
gabu,fasse,Sambandje
gabu,fasse,Sara Demba
gabu,fasse,Sara Iero
gabu,fasse,Sara Ilo
gabu,fasse,Sedjo Fulbe
gabu,fasse,Sedjo Mandinga
gabu,fasse,Sibito
gabu,fasse,St Djomel
gabu,fasse,St Mamadu
gabu,fasse,St Montam
gabu,fasse,St Nunco
gabu,fasse,Stcha Aliu
gabu,fasse,Sutuba
gabu,fasse,Taibata
gabu,gabu,Afia Arifoti
gabu,gabu,Algodon
gabu,gabu,Amedalai
gabu,gabu,Bada
gabu,gabu,Cabo Verde
gabu,gabu,Canhanqui
gabu,gabu,Canhanqui Mandjaco
gabu,gabu,Cansambel
gabu,gabu,Coboto
gabu,gabu,Coiada
gabu,gabu,Coiada Sinho
gabu,gabu,Cumbadjuba
gabu,gabu,Cumpanghor
gabu,gabu,Darliman
gabu,gabu,Djibata
gabu,gabu,Doubala
gabu,gabu,Embalocunda
gabu,gabu,Engenharia
gabu,gabu,Flefe 
gabu,gabu,Fulamansa
gabu,gabu,Leibala
gabu,gabu,Lenquerim
gabu,gabu,Luanda
gabu,gabu,Mamadu Embalo
gabu,gabu,Missira Petromar
gabu,gabu,Nema 1
gabu,gabu,Nema 2
gabu,gabu,Oco Maunde
gabu,gabu,Praca
gabu,gabu,Samboldo
gabu,gabu,Sintcham Aba
gabu,gabu,Sintcham Adulai 2
gabu,gabu,Sintcham Djulde
gabu,gabu,Sintcham I Nhanpassari
gabu,gabu,Sintcham Luntam
gabu,gabu,Sintcham Seco
gabu,gabu,Sintcham Sucaba
gabu,gabu,Sintcham Tombom
gabu,gabu,Sintcham Ussumane
gabu,gabu,Sintchau Adulai Djau
gabu,gabu,Sintchur Mamudo
gabu,gabu,Tcherno Braima
gabu,lugadjol,Afia Simbe
gabu,lugadjol,Balandugo
gabu,lugadjol,Burquelem
gabu,lugadjol,Capebonde
gabu,lugadjol,Colebe
gabu,lugadjol,Dalaba
gabu,lugadjol,Dandula
gabu,lugadjol,Dantari Coli
gabu,lugadjol,Dinguirai
gabu,lugadjol,Engele
gabu,lugadjol,Famiredje
gabu,lugadjol,Lenquerim
gabu,lugadjol,Lugadjol
gabu,lugadjol,Malangare
gabu,lugadjol,Mareua Dacalfadjo
gabu,lugadjol,Munhine
gabu,lugadjol,Quewedje
gabu,lugadjol,Quissem
gabu,lugadjol,Senta-Sare
gabu,lugadjol,Tabadara
gabu,lugadjol,Taridje
gabu,lugadjol,Telire
gabu,lugadjol,Tenquinam
gabu,lugadjol,Venduleide
gabu,mafanco,Aliu Djau 2
gabu,mafanco,Bacar Djau
gabu,mafanco,Braima Sori
gabu,mafanco,Cabele
gabu,mafanco,Cammane
gabu,mafanco,Cancolibilo
gabu,mafanco,Canibura
gabu,mafanco,Cansamba
gabu,mafanco,Conconto
gabu,mafanco,Cumbengha
gabu,mafanco,Daharatu
gabu,mafanco,Daifa
gabu,mafanco,Dembel Uri
gabu,mafanco,Dorowa
gabu,mafanco,Fassadje_1
gabu,mafanco,Fassadje_2
gabu,mafanco,Iero Molo
gabu,mafanco,Madina Damando
gabu,mafanco,Madina Mamadu Embalo
gabu,mafanco,Madina Samba
gabu,mafanco,Mafanco
gabu,mafanco,Manohoi
gabu,mafanco,Maudo Cande
gabu,mafanco,Nhantampa
gabu,mafanco,Nhapo Maunde
gabu,mafanco,Nhapo Sintcha
gabu,mafanco,Nhaulem
gabu,mafanco,Pofa
gabu,mafanco,Salamata
gabu,mafanco,Samba Sabali
gabu,mafanco,Santo Bubuel
gabu,mafanco,Sima
gabu,mafanco,Sintcha  Mama Tchedo
gabu,mafanco,Sintcha Aliu-2
gabu,mafanco,Sintcha Calido
gabu,mafanco,Sintcha Demba Cumara
gabu,mafanco,Sintcha Fode
gabu,mafanco,Sintcha Iaia
gabu,mafanco,Sintcha Samba
gabu,mafanco,Sintcha Sene
gabu,mafanco,Sintcham Aliu
gabu,mafanco,Sintcham Bamba
gabu,mafanco,Sintcham Boriel
gabu,mafanco,Sintcham Cantaba
gabu,mafanco,Sintcham Carimo
gabu,mafanco,Sintcham Dadi
gabu,mafanco,Sintcham Nhaba
gabu,mafanco,Sintcham Selo
gabu,mafanco,Sintcham Suquel
gabu,mafanco,Tcheual
gabu,mafanco,Tonha1
gabu,mafanco,Tonha2
gabu,mafanco,Wacaba
gabu,mansadja,Aladje Tobo
gabu,mansadja,Aliu Bure
gabu,mansadja,Bantanquilim
gabu,mansadja,Bufate
gabu,mansadja,Camanca
gabu,mansadja,Cantenten
gabu,mansadja,Carura Coli
gabu,mansadja,Carura Samba
gabu,mansadja,Colicunda
gabu,mansadja,Cudum
gabu,mansadja,Demba cabar
gabu,mansadja,Djana Iaia
gabu,mansadja,Duma
gabu,mansadja,Fasse Braima
gabu,mansadja,Iero Embalo
gabu,mansadja,Ieromaro
gabu,mansadja,Madina Barra
gabu,mansadja,Madina Boebe
gabu,mansadja,Madina Mussandin
gabu,mansadja,Madina Sama
gabu,mansadja,Mansadja
gabu,mansadja,Missira
gabu,mansadja,Nema
gabu,mansadja,Nondala
gabu,mansadja,Patecure
gabu,mansadja,Saliquenhe
gabu,mansadja,Samba Cunda
gabu,mansadja,Samba Djabo
gabu,mansadja,Sintcha Bacar
gabu,mansadja,Sintcha Calilo
gabu,mansadja,Sintcha Carimo
gabu,mansadja,Sintcha Cuia
gabu,mansadja,Sintcha Djulde
gabu,mansadja,Sintcha Fade
gabu,mansadja,Sintcha Iaia
gabu,mansadja,Sintcha Mussa
gabu,mansadja,Sintcha Sambel
gabu,mansadja,Sintcha Talata
gabu,mansadja,Sintcha Ussumane
gabu,mansadja,Stcha Ullo
gabu,mansadja,Tabadjenque
gabu,mansadja,Tcherno Iaia
gabu,mansadja,Welingara
gabu,paunca,3 de Agosto
gabu,paunca,Amilcar Cabaral
gabu,paunca,Cadeu
gabu,paunca,Conghaba
gabu,paunca,Copa-Mangue
gabu,paunca,Copa-Sulei
gabu,paunca,Djaucunda
gabu,paunca,Domingos Ramos
gabu,paunca,Iero cudum
gabu,paunca,Iero Fatima
gabu,paunca,Madina Amadulai
gabu,paunca,Madina Bocar (Sintcha)
gabu,paunca,Manpurom
gabu,paunca,Queneba
gabu,paunca,Samba Cande
gabu,paunca,Sambaia
gabu,paunca,Sintcha  Djoel
gabu,paunca,Sintcha Adulai
gabu,paunca,Sintcha Bacar
gabu,paunca,Sintcha Bela
gabu,paunca,Sintcha Biro
gabu,paunca,Sintcha Dula
gabu,paunca,Sintcha Dura
gabu,paunca,Sintcha Durbali
gabu,paunca,Sintcha El Durbali
gabu,paunca,Sintcha Iero Djadja
gabu,paunca,Sintcha Imabe
gabu,paunca,Sintcha MCarimo
gabu,paunca,Sintcha Molel
gabu,paunca,Sintcha Saliu Mansonca
gabu,paunca,Sintcha Samba
gabu,paunca,Sintcha SEmbalo
gabu,paunca,Sintcha Sori
gabu,paunca,Sintcha Suncar
gabu,paunca,Sintcha Ussumane-2
gabu,paunca,Sintha Quiuto
gabu,paunca,Stcha Ussumane
gabu,pirada, Santo Ussumane
gabu,pirada,Camalidja
gabu,pirada,Colondinto
gabu,pirada,Cossi
gabu,pirada,Cupuda
gabu,pirada,Darssalame
gabu,pirada,Demussor
gabu,pirada,Diabugo
gabu,pirada,Golere
gabu,pirada,Iero Fololo
gabu,pirada,Lumbu Tugu
gabu,pirada,Mamadu Quirafi
gabu,pirada,Missira Idael
gabu,pirada,Nhapo
gabu,pirada,Pirada
gabu,pirada,Santo Aladje Bubacar
gabu,pirada,Santo Baciro
gabu,pirada,Santo Botche
gabu,pirada,Santo Laube
gabu,pirada,Santo Numbero
gabu,pirada,Santo Pate
gabu,pirada,Santo Samba Djalo
gabu,pirada,Sintcha Angola
gabu,pirada,Sissaucunda Aliu
gabu,pirada,Sissaucunda Samanco
gabu,pirada,Soncocunda
gabu,pirada,Sorilumbato
gabu,pirada,Tcheel Besel
gabu,pirada,Tcheibese
gabu,pitche,Afia Mamasamba Buaro
gabu,pitche,Afia-I
gabu,pitche,Alafissa
gabu,pitche,Bairro Madina
gabu,pitche,Benfica
gabu,pitche,Benfica Baixo
gabu,pitche,Bentem Gabao
gabu,pitche,Bentem Maunde
gabu,pitche,Bentem Misside
gabu,pitche,Binam Alimo
gabu,pitche,Binam sambael
gabu,pitche,Bodjo
gabu,pitche,Cambore
gabu,pitche,Canhamando
gabu,pitche,Capassa
gabu,pitche,Code
gabu,pitche,Copiro
gabu,pitche,Cuntim Darsalame
gabu,pitche,Cuntim Sadaba
gabu,pitche,Cuntim Sintcham Mali
gabu,pitche,Cupe
gabu,pitche,Dampare
gabu,pitche,Dembacunda
gabu,pitche,Djobel
gabu,pitche,Djobo Mori
gabu,pitche,Fadja
gabu,pitche,Iancor
gabu,pitche,Madina Copiro
gabu,pitche,Madina Paiama
gabu,pitche,Madina Tumba
gabu,pitche,Mori
gabu,pitche,Olobire
gabu,pitche,Paiama Lenguel
gabu,pitche,Paiama Sada
gabu,pitche,Pansor Boebe
gabu,pitche,Pansor-I
gabu,pitche,Pansor-II
gabu,pitche,Pitche Fulbe-I
gabu,pitche,Pitche Fulbe-II
gabu,pitche,Pitche Posto
gabu,pitche,Pitche Runde
gabu,pitche,Quenhercunda
gabu,pitche,Rauna
gabu,pitche,Sagar
gabu,pitche,Sago Fulamore
gabu,pitche,Saliu Tenquinam
gabu,pitche,Salmana
gabu,pitche,Sare Djaube
gabu,pitche,Sintabudjobi
gabu,pitche,Sintcham Arafa
gabu,pitche,Sintcham Baciro
gabu,pitche,Sintcham Braima
gabu,pitche,Sintcham Corca
gabu,pitche,Sintcham Dadi
gabu,pitche,Sintcham Demba
gabu,pitche,Sintcham El Umaro Balde
gabu,pitche,Sintcham Imabe
gabu,pitche,Sintcham Lali
gabu,pitche,Sintcham Mali
gabu,pitche,Sintcham Mamadi
gabu,pitche,Sintcham Tassiro
gabu,pitche,Sintcham Tumane
gabu,pitche,Sintchur Lama NDenda
gabu,pitche,Sutuco-Coboncara
gabu,pitche,Tabandinto
gabu,pitche,Tambatcha-I e II
gabu,pitche,Tompem
gabu,pitche,Tubum Dube
gabu,pitche,Tumbum Djau Soma
gabu,pitche,Ufoia Balerio
gabu,pitche,Ufoia Lenguel
gabu,pitche,Ufoia Pate
gabu,pitche,UFoia Runde (Baciro)
gabu,pitche,Ufoia Sadjo
gabu,pitche,Ufoia Ura
gabu,pitche,Umaro Balde
gabu,pitche,Warbe
gabu,sonaco,Bairro Praça
gabu,sonaco,Banim
gabu,sonaco,Boma
gabu,sonaco,Camande
gabu,sonaco,Candjomba
gabu,sonaco,Carantaba Cuto
gabu,sonaco,Carantaba Sama
gabu,sonaco,Carruasse
gabu,sonaco,Cudum Nhinha
gabu,sonaco,Cuianca
gabu,sonaco,Cutame
gabu,sonaco,Darsalam (Camande)
gabu,sonaco,Dembube
gabu,sonaco,Djamanto
gabu,sonaco,Djumbembe
gabu,sonaco,Embalobe
gabu,sonaco,Fulamore Bubo
gabu,sonaco,Fulamore Demba
gabu,sonaco,Gada Bundo
gabu,sonaco,Ga-Mamudo
gabu,sonaco,Ida Fula
gabu,sonaco,Ida Mandinga
gabu,sonaco,Ierocunda
gabu,sonaco,Lenqueto I
gabu,sonaco,Lenqueto Manjaco
gabu,sonaco,Lenqueto-II
gabu,sonaco,Madina Aladje Saico
gabu,sonaco,Madina Bussura
gabu,sonaco,Meta Seide
gabu,sonaco,Missira
gabu,sonaco,Nema
gabu,sonaco,Nemataba
gabu,sonaco,Nhantida
gabu,sonaco,Patassa
gabu,sonaco,Pateba
gabu,sonaco,Ponta Nova
gabu,sonaco,Sabua
gabu,sonaco,Samba Djau
gabu,sonaco,Samba Nara
gabu,sonaco,Sanael
gabu,sonaco,Saucunda
gabu,sonaco,Sibidjam
gabu,sonaco,Sintcha Bacar-I
gabu,sonaco,Sintcham Aladje
gabu,sonaco,Sintcham Bacar-II
gabu,sonaco,Sintcham Bocar
gabu,sonaco,Sintcham Boi
gabu,sonaco,Sintcham Canhe
gabu,sonaco,Sintcham Dembel
gabu,sonaco,Sintcham Djulde
gabu,sonaco,Sintcham Haine
gabu,sonaco,Sintcham Ioba
gabu,sonaco,Sintcham Mamudo
gabu,sonaco,Sintcham Mutaro
gabu,sonaco,Sintcham Nobre
gabu,sonaco,Sintcham Quecuto-I
gabu,sonaco,Sintcham Quecuto-II
gabu,sonaco,Sintcham Quemo-I
gabu,sonaco,Sintcham Quemo-II
gabu,sonaco,Sintcham Sadjori (Side)
gabu,sonaco,Sintcham Saido
gabu,sonaco,Sintcham Samba
gabu,sonaco,Sintcham Sambel
gabu,sonaco,Sintham Assana
gabu,sonaco,Sucoto
gabu,sonaco,Tuba Madina
gabu,tumana,Afia Leitao1
gabu,tumana,Afia Leitao2
gabu,tumana,Afia Quinde
gabu,tumana,Bacar Yero
gabu,tumana,Baco madina 
gabu,tumana,Badjefa
gabu,tumana,Bantandje (Madina Cuta)
gabu,tumana,Bondje1
gabu,tumana,Bondje2
gabu,tumana,Bricama
gabu,tumana,Bussura-1
gabu,tumana,Bussura-2
gabu,tumana,Cataba Alfa
gabu,tumana,Cataba Bobo
gabu,tumana,Cocare
gabu,tumana,Daifa2
gabu,tumana,Darsalam2
gabu,tumana,Darum1
gabu,tumana,Darum-2
gabu,tumana,Djai Sambalo
gabu,tumana,Duta Djara
gabu,tumana,Embalocunda
gabu,tumana,Findjur
gabu,tumana,Gundaca
gabu,tumana,Gundjur
gabu,tumana,Macade
gabu,tumana,Madina Aladje
gabu,tumana,Madina Bacar Embalo
gabu,tumana,Madina Cuba
gabu,tumana,Madina Endam
gabu,tumana,Mamadu Molo
gabu,tumana,Meta Seide
gabu,tumana,Nhartaba
gabu,tumana,Ponhe Maunde
gabu,tumana,Ponhe Yero Ba
gabu,tumana,Querewane
gabu,tumana,Quewel
gabu,tumana,Sancaba
gabu,tumana,Saradelo Malam
gabu,tumana,Saradelo Mamadu
gabu,tumana,Sintcha Diure
gabu,tumana,Sintchur Cada
gabu,tumana,ST Adulai
gabu,tumana,ST Bailo
gabu,tumana,ST Bala
gabu,tumana,ST Dembur
gabu,tumana,ST Garcia
gabu,tumana,ST Mamasamba
gabu,tumana,ST Sabo
gabu,tumana,ST Saliu
gabu,tumana,St Sambael
gabu,tumana,ST Sulai
gabu,tumana,ST Ussumane
gabu,tumana,STBarros
gabu,tumana,Stcha  Belel
gabu,tumana,STDjudju
gabu,tumana,STGudjo
gabu,tumana,STTotala
gabu,tumana,Sumacunda
gabu,tumana,Tcherno Iaia
gabu,tumana,Tengnor
gabu,tumana,Uda 
gabu,tumana,Uda Burancunda
